nusha,fecha_visita,tipo_visita,procedencia,tratamiento_previo_consulta,fecha_inicio_psoriasis,fecha_diagnostico_psoriasis,curso_evolutivo,fenotipo,antecedentes_familiares_psoriasis,desenc_infeccion,desenc_estres,desenc_farmacos,desenc_traumatismo_friccion,desenc_retirada_corticoides,desenc_tabaco,desenc_alcohol,desenc_otros,tratamiento_previo,tipo_tratamiento_previo,tratamiento_previo_detalle,motivo_suspension_previo,respuesta_previa,comorb_obesidad,comorb_sobrepeso,comorb_hta,comorb_dislipemia,comorb_diabetes_prediabetes,comorb_sindrome_metabolico,comorb_esteatosis_hepatica,comorb_alteracion_transaminasas,comorb_hepatopatia_cronica,comorb_artritis_psoriasica_conocida,comorb_sospecha_artritis_psoriasica,comorb_eii,comorb_cardiopatia_isquemica,comorb_ictus_ait,comorb_insuficiencia_cardiaca,comorb_enfermedad_vascular_periferica,comorb_tabaquismo,comorb_alcohol,comorb_ansiedad_depresion,loc_cuero_cabelludo,loc_cara,loc_tronco,loc_miembros_superiores,loc_miembros_inferiores,loc_pliegues,loc_genitales,loc_palmas,loc_plantas,loc_unas,zona_esp_cuero_cabelludo,zona_esp_unas,zona_esp_cara,zona_esp_genitales,zona_esp_palmas,zona_esp_plantas,zona_esp_pliegues,bsa,pga,pasi,pasi_cabeza_eritema,pasi_cabeza_induracion,pasi_cabeza_escamas,pasi_cabeza_area,pasi_tronco_eritema,pasi_tronco_induracion,pasi_tronco_escamas,pasi_tronco_area,pasi_brazos_eritema,pasi_brazos_induracion,pasi_brazos_escamas,pasi_brazos_area,pasi_piernas_eritema,pasi_piernas_induracion,pasi_piernas_escamas,pasi_piernas_area,afectacion_ungueal,observaciones_clinicas,eva_prurito,eva_dolor,escozor,fisuracion,sangrado,alteracion_funcional,alteracion_sueno,dlqi_q1,dlqi_q2,dlqi_q3,dlqi_q4,dlqi_q5,dlqi_q6,dlqi_q7,dlqi_q8,dlqi_q9,dlqi_q10,dlqi_total,pure4_q1,pure4_q2,pure4_q3,pure4_q4,pure4_total_positivas,derivacion_derma_reuma,tx_primera_topicos_farmaco_1,tx_primera_topicos_posologia_1,tx_primera_topicos_farmaco_2,tx_primera_topicos_posologia_2,tx_primera_topicos_farmaco_3,tx_primera_topicos_posologia_3,tx_primera_topicos_otros,tx_primera_sinteticos_convencionales_farmaco_1,tx_primera_sinteticos_convencionales_posologia_1,tx_primera_sinteticos_convencionales_farmaco_2,tx_primera_sinteticos_convencionales_posologia_2,tx_primera_sinteticos_convencionales_farmaco_3,tx_primera_sinteticos_convencionales_posologia_3,tx_primera_sinteticos_convencionales_otros,tx_primera_fototerapia_farmaco_1,tx_primera_fototerapia_posologia_1,tx_primera_fototerapia_farmaco_2,tx_primera_fototerapia_posologia_2,tx_primera_fototerapia_farmaco_3,tx_primera_fototerapia_posologia_3,tx_primera_fototerapia_otros,tx_primera_biologicos_farmaco_1,tx_primera_biologicos_posologia_1,tx_primera_biologicos_farmaco_2,tx_primera_biologicos_posologia_2,tx_primera_biologicos_farmaco_3,tx_primera_biologicos_posologia_3,tx_primera_biologicos_otros,tx_seguimiento_topicos_farmaco_1,tx_seguimiento_topicos_posologia_1,tx_seguimiento_topicos_farmaco_2,tx_seguimiento_topicos_posologia_2,tx_seguimiento_topicos_farmaco_3,tx_seguimiento_topicos_posologia_3,tx_seguimiento_topicos_otros,tx_seguimiento_sinteticos_convencionales_farmaco_1,tx_seguimiento_sinteticos_convencionales_posologia_1,tx_seguimiento_sinteticos_convencionales_farmaco_2,tx_seguimiento_sinteticos_convencionales_posologia_2,tx_seguimiento_sinteticos_convencionales_farmaco_3,tx_seguimiento_sinteticos_convencionales_posologia_3,tx_seguimiento_sinteticos_convencionales_otros,tx_seguimiento_fototerapia_farmaco_1,tx_seguimiento_fototerapia_posologia_1,tx_seguimiento_fototerapia_farmaco_2,tx_seguimiento_fototerapia_posologia_2,tx_seguimiento_fototerapia_farmaco_3,tx_seguimiento_fototerapia_posologia_3,tx_seguimiento_fototerapia_otros,tx_seguimiento_biologicos_farmaco_1,tx_seguimiento_biologicos_posologia_1,tx_seguimiento_biologicos_farmaco_2,tx_seguimiento_biologicos_posologia_2,tx_seguimiento_biologicos_farmaco_3,tx_seguimiento_biologicos_posologia_3,tx_seguimiento_biologicos_otros,seguimiento_adherencia_categoria,seguimiento_ajuste_terapeutico,seguimiento_adherencia_morisky_q1,seguimiento_adherencia_morisky_q2,seguimiento_adherencia_morisky_q3,seguimiento_adherencia_morisky_q4,seguimiento_morisky_total_no_adherencia,seguimiento_motivo_cambio,seguimiento_efectos_adversos,impresion_clinica,objetivo_terapeutico,otras_derivaciones,proxima_revision,comentarios_finales
VALM0001,2025-01-15,primera,atencion_primaria,Sin tratamiento sistemico activo previo,2018-03-10,2019-01-15,persistente,placas,1,,1,,,,1,,,1,sistemico_convencional,Metotrexato previo,,parcial,,,1,1,,,,,,,,,,,,,,,,1,,1,,1,,,,,,,,,,,,,18.0,3,15.2,,,,,,,,,,,,,,,,,1,,8,4,,,,,,,,,,,,,,,,14,,,,,1,,Calcipotriol/Betametasona,1 aplicacion nocturna,,,,,,Metotrexato,15 mg semanal,,,,,,,,,,,,,,,,,,,,,,,,,,,,,,,,,,,,,,,,,,,,,,,,,,,,,,,,,,,,,
VALM0001,2025-04-20,seguimiento,atencion_primaria,Metotrexato 15 mg semanal + topico,2018-03-10,2019-01-15,persistente,placas,1,,1,,,,1,,,1,sistemico_convencional,Metotrexato previo,,parcial,,,1,1,,,,,,,,,,,,,,,,1,,1,,1,,,,,,,,,,,,,12.0,2,9.8,,,,,,,,,,,,,,,,,1,,,,,,,,,,,,,,,,,,,9,,,,,,,,,,,,,,,,,,,,,,,,,,,,,,,,,,,Calcipotriol/Betametasona,1 aplicacion nocturna,,,,,,Metotrexato,20 mg semanal,,,,,,,,,,,,,,,,,,,,buena,Aumento a 20 mg semanal,0,0,0,0,0,,,,,,,
VALM0001,2025-09-10,seguimiento,atencion_primaria,Cambio a biologico por perdida de eficacia,2018-03-10,2019-01-15,persistente,placas,1,,1,,,,1,,,1,sistemico_convencional,Metotrexato previo,,parcial,,,1,1,,,,,,,,,,,,,,,,1,,1,,1,,,,,,,,,,,,,7.5,2,6.3,,,,,,,,,,,,,,,,,1,,,,,,,,,,,,,,,,,,,6,,,,,2,1,,,,,,,,,,,,,,,,,,,,,,,,,,,,,Calcipotriol/Betametasona,1 aplicacion nocturna,,,,,,,,,,,,,,,,,,,,Secukinumab,300 mg segun ficha tecnica,,,,,,regular,,1,0,0,0,1,perdida_eficacia,0,,,,,
VALM0002,2025-02-02,primera,dermatologia_general,Fototerapia UVB en curso,2020-06-02,2020-10-20,brotes,guttata,0,1,,,,,,,,1,fototerapia,,,buena,,,,,,,,,,,,,,,,,,,1,,,1,1,,,,,,,,,,,,,,11.0,2,8.1,,,,,,,,,,,,,,,,,,,6,2,,,,,,,,,,,,,,,,10,,,,,0,,Corticoides Topicos,1 aplicacion cada 12 h,,,,,,,,,,,,,UVB Banda Estrecha,3 sesiones/semana,,,,,,,,,,,,,,,,,,,,,,,,,,,,,,,,,,,,,,,,,,,,,,,,,,,,,,
VALM0002,2025-08-01,seguimiento,dermatologia_general,Fototerapia UVB en curso,2020-06-02,2020-10-20,brotes,guttata,0,1,,,,,,,,1,fototerapia,,,buena,,,,,,,,,,,,,,,,,,,1,,,1,1,,,,,,,,,,,,,,9.0,2,6.7,,,,,,,,,,,,,,,,,,,,,,,,,,,,,,,,,,,,8,,,,,,,,,,,,,,,,,,,,,,,,,,,,,,,,,,,Corticoides Topicos,1 aplicacion cada 24 h,,,,,,,,,,,,,UVB Banda Estrecha,2 sesiones/semana,,,,,,,,,,,,,mala,Refuerzo de educacion terapeutica,1,1,0,1,3,,,,,,,
VALM0003,2025-06-18,primera,multidisciplinar_derma_reuma,Seguimiento compartido Derma-Reuma,2012-02-14,2013-04-09,progresiva,inversa,1,,1,,,,,1,,1,biologico,Adalimumab,,perdida_eficacia,,,,,,,,,,,1,1,,,,,,,,,,,,,1,1,,,,,,,,,,,22.0,4,19.5,,,,,,,,,,,,,,,,,,,9,5,,,,,,,,,,,,,,,,18,,,,,3,1,Tacrolimus Topico,2 aplicaciones/dia en pliegues,,,,,,Apremilast,30 mg cada 12 h,,,,,,,,,,,,,Adalimumab,40 mg cada 14 dias,,,,,,,,,,,,,,,,,,,,,,,,,,,,,,,,,,,,,,,,,,,,,,,
VALM0004,2024-11-20,primera,atencion_primaria,Control en monografica,2015-09-01,2016-01-25,intermitente,palmoplantar,0,,,1,,,,,,0,,,,,1,,,,1,,,,,,,,,,,,,,,,,,,,,,1,1,,,,,,1,1,,14.0,3,10.9,,,,,,,,,,,,,,,,,,,7,3,,,,,,,,,,,,,,,,12,,,,,,,Corticoides Topicos,2 aplicaciones/dia,,,,,,Acitretina,25 mg/dia,,,,,,,,,,,,,,,,,,,,,,,,,,,,,,,,,,,,,,,,,,,,,,,,,,,,,,,,,,,,,
VALM0004,2025-03-12,seguimiento,atencion_primaria,Control en monografica,2015-09-01,2016-01-25,intermitente,palmoplantar,0,,,1,,,,,,0,,,,,1,,,,1,,,,,,,,,,,,,,,,,,,,,,1,1,,,,,,1,1,,10.5,2,7.8,,,,,,,,,,,,,,,,,,,,,,,,,,,,,,,,,,,,7,,,,,,,,,,,,,,,,,,,,,,,,,,,,,,,,,,,Corticoides Topicos,1 aplicacion/dia,Calcipotriol/Betametasona,1 aplicacion/nocte,Tacrolimus Topico,zonas sensibles,Vaselina emoliente|uso adyuvante,Metotrexato,10 mg semanal,,,,,,PUVA,2 sesiones/semana,,,,,,,,,,,,,regular,,0,0,1,0,1,efectos_adversos,1,,,,,
VALM0004,2025-12-05,seguimiento,atencion_primaria,Control en monografica,2015-09-01,2016-01-25,intermitente,palmoplantar,0,,,1,,,,,,0,,,,,1,,,,1,,,,,,,,,,,,,,,,,,,,,,1,1,,,,,,1,1,,6.0,1,4.2,,,,,,,,,,,,,,,,,,,,,,,,,,,,,,,,,,,,4,,,,,,,,,,,,,,,,,,,,,,,,,,,,,,,,,,,Calcipotriol/Betametasona,1 aplicacion/nocte,,,,,,Metotrexato,15 mg semanal,,,,,,,,,,,,,Guselkumab,100 mg cada 8 semanas,,,,,,buena,Mantener pauta actual,0,0,0,0,0,,,,,,,
